1,2026-01-01 02:10:24.536551,2026,2025-2026,2025,2026-01-01 02:10:24.536551
2,2026-01-01 02:10:24.536551,2027,2026-2027,2026,2026-01-01 02:10:24.536551
3,2026-01-01 02:10:24.553003,2028,2027-2028,2027,2026-01-01 02:10:24.553003
4,2026-01-01 02:10:24.553003,2029,2028-2029,2028,2026-01-01 02:10:24.553003
5,2026-01-01 02:10:24.553003,2030,2029-2030,2029,2026-01-01 02:10:24.553003
6,2026-01-01 02:10:24.553003,2031,2030-2031,2030,2026-01-01 02:10:24.553003
7,2026-01-01 02:10:24.553003,2032,2031-2032,2031,2026-01-01 02:10:24.553003
8,2026-01-01 02:10:24.553003,2033,2032-2033,2032,2026-01-01 02:10:24.553003
9,2026-01-01 02:10:24.553003,2034,2033-2034,2033,2026-01-01 02:10:24.553003
10,2026-01-01 02:10:24.553003,2035,2034-2035,2034,2026-01-01 02:10:24.553003
