INSERT INTO public.person (citizen_id, address, created_at, date_of_birth, email, full_name, nationality, phone, place_of_origin, place_of_residence, sex, updated_at) VALUES ('048474474888', null, '2026-01-01 02:16:24.789614', '2000-02-08', 'cashier01@gmail.com', 'Nguyễn Thị Linh', 'Việt Nam', '0474748744', null, null, 1, '2026-01-01 02:16:24.789614');
INSERT INTO public.person (citizen_id, address, created_at, date_of_birth, email, full_name, nationality, phone, place_of_origin, place_of_residence, sex, updated_at) VALUES ('051202011129-01', '478 Lê Thánh Tông, Phường Buôn Ma Thuột, Tỉnh Đắk Lắk', '2026-01-01 09:50:25.928484', '2014-12-27', null, 'Nguyễn Văn Hào', 'Việt Nam', '0474811838', null, null, 0, '2026-01-01 09:50:25.928484');
INSERT INTO public.person (citizen_id, address, created_at, date_of_birth, email, full_name, nationality, phone, place_of_origin, place_of_residence, sex, updated_at) VALUES ('051202011129-02', '478 Lê Thánh Tông, Phường Buôn Ma Thuột, Tỉnh Đắk Lắk', '2026-01-01 09:50:25.940538', '2014-05-02', null, 'Nguyễn Thị Lan', 'Việt Nam', '0381383383', null, null, 1, '2026-01-01 09:50:25.940538');
INSERT INTO public.person (citizen_id, address, created_at, date_of_birth, email, full_name, nationality, phone, place_of_origin, place_of_residence, sex, updated_at) VALUES ('051202028383', 'Thôn 8, Xã Ea Ktur, Tỉnh Đắk Lắk', '2026-01-01 09:50:25.945716', '2014-05-02', null, 'Nguyễn Thị Linh', 'Việt Nam', '0138935736', null, null, 1, '2026-01-01 09:50:25.945716');
INSERT INTO public.person (citizen_id, address, created_at, date_of_birth, email, full_name, nationality, phone, place_of_origin, place_of_residence, sex, updated_at) VALUES ('051202011127-01', '738 Nguyễn Thái Bình, Phường Tân Lập, Tỉnh Đắk Lắk', '2026-01-01 09:50:25.950008', '2014-02-02', null, 'Trần Đình Nghĩa', 'Việt Nam', '0384799001', null, null, 0, '2026-01-01 09:50:25.950008');
INSERT INTO public.person (citizen_id, address, created_at, date_of_birth, email, full_name, nationality, phone, place_of_origin, place_of_residence, sex, updated_at) VALUES ('048483891934-02', '637/3 Nguyễn Thái Bình, Phường Tân Lập, Tỉnh Đắk Lắk', '2026-01-01 09:50:25.953805', '2014-01-02', null, 'Võ Gia An', 'Việt Nam', '0374622123', null, null, 0, '2026-01-01 09:50:25.953805');
INSERT INTO public.person (citizen_id, address, created_at, date_of_birth, email, full_name, nationality, phone, place_of_origin, place_of_residence, sex, updated_at) VALUES ('051202011122', '389/3 Nguyễn Thái Bình, Phường Tân Lập, Tỉnh Đắk Lắk', '2026-01-01 09:50:25.957646', '2014-07-02', null, 'Lê Khánh Huyền', 'Việt Nam', '0738188234', null, null, 1, '2026-01-01 09:50:25.957646');
INSERT INTO public.person (citizen_id, address, created_at, date_of_birth, email, full_name, nationality, phone, place_of_origin, place_of_residence, sex, updated_at) VALUES ('051203456701-01', '738 Nguyễn Thái Bình,Phường Tân Lập, Tỉnh Đắk Lắk', '2026-01-01 09:50:25.960940', '2014-01-01', null, 'Nguyễn Văn Minh', 'Việt Nam', '0301234567', null, null, 0, '2026-01-01 09:50:25.960940');
INSERT INTO public.person (citizen_id, address, created_at, date_of_birth, email, full_name, nationality, phone, place_of_origin, place_of_residence, sex, updated_at) VALUES ('051203456702-01', '738/44 Nguyễn Thái Bình,Phường Tân Lập, Tỉnh Đắk Lắk', '2026-01-01 09:50:25.965700', '2014-03-03', null, 'Lê Quốc Anh', 'Việt Nam', '0321234569', null, null, 0, '2026-01-01 09:50:25.965700');
INSERT INTO public.person (citizen_id, address, created_at, date_of_birth, email, full_name, nationality, phone, place_of_origin, place_of_residence, sex, updated_at) VALUES ('051203456702-02', '134 Nguyễn Thái Bình,Phường Tân Lập, Tỉnh Đắk Lắk', '2026-01-01 09:50:25.969272', '2013-04-04', null, 'Phạm Thị Hương', 'Việt Nam', '0331234570', null, null, 1, '2026-01-01 09:50:25.969272');
INSERT INTO public.person (citizen_id, address, created_at, date_of_birth, email, full_name, nationality, phone, place_of_origin, place_of_residence, sex, updated_at) VALUES ('051203456703-01', '88/8 Nguyễn Thái Bình,Phường Tân Lập, Tỉnh Đắk Lắk', '2026-01-01 09:50:25.973521', '2013-05-05', null, 'Võ Minh Đức', 'Việt Nam', '0341234571', null, null, 0, '2026-01-01 09:50:25.973521');
INSERT INTO public.person (citizen_id, address, created_at, date_of_birth, email, full_name, nationality, phone, place_of_origin, place_of_residence, sex, updated_at) VALUES ('051203456703-02', '163/8 Nguyễn Thái Bình,Phường Tân Lập, Tỉnh Đắk Lắk', '2026-01-01 09:50:25.976835', '2013-06-06', null, 'Nguyễn Thị Mai', 'Việt Nam', '0351234572', null, null, 1, '2026-01-01 09:50:25.976835');
INSERT INTO public.person (citizen_id, address, created_at, date_of_birth, email, full_name, nationality, phone, place_of_origin, place_of_residence, sex, updated_at) VALUES ('051203456704-01', '545 Nguyễn Thái Bình,Phường Tân Lập, Tỉnh Đắk Lắk', '2026-01-01 09:50:25.981345', '2013-07-07', null, 'Trần Văn Hùng', 'Việt Nam', '0361234573', null, null, 0, '2026-01-01 09:50:25.981345');
INSERT INTO public.person (citizen_id, address, created_at, date_of_birth, email, full_name, nationality, phone, place_of_origin, place_of_residence, sex, updated_at) VALUES ('051203456704-02', '478 Lê Thánh Tông, Phường Buôn Ma Thuột, Tỉnh Đắk Lắk', '2026-01-01 09:50:25.984463', '2013-08-08', null, 'Lê Ngọc Anh', 'Việt Nam', '0371234574', null, null, 1, '2026-01-01 09:50:25.984463');
INSERT INTO public.person (citizen_id, address, created_at, date_of_birth, email, full_name, nationality, phone, place_of_origin, place_of_residence, sex, updated_at) VALUES ('051203456705-01', '671 Lê Thánh Tông, Phường Buôn Ma Thuột, Tỉnh Đắk Lắk', '2026-01-01 09:50:25.988208', '2013-09-09', null, 'Phạm Gia Bảo', 'Việt Nam', '0381234575', null, null, 0, '2026-01-01 09:50:25.988208');
INSERT INTO public.person (citizen_id, address, created_at, date_of_birth, email, full_name, nationality, phone, place_of_origin, place_of_residence, sex, updated_at) VALUES ('051203456705-02', '849 Lê Thánh Tông, Phường Buôn Ma Thuột, Tỉnh Đắk Lắk', '2026-01-01 09:50:25.990887', '2013-10-10', null, 'Võ Thị Bích', 'Việt Nam', '0301234576', null, null, 1, '2026-01-01 09:50:25.990887');
INSERT INTO public.person (citizen_id, address, created_at, date_of_birth, email, full_name, nationality, phone, place_of_origin, place_of_residence, sex, updated_at) VALUES ('058384918399', '474 Nguyễn Thái Bình, Phường Tân Lập, Tỉnh Đắk Lắk', '2026-01-01 09:53:03.875383', '2013-06-03', null, 'Nguyễn Xuân Long', 'Việt Nam', '0373838777', null, null, 0, '2026-01-01 09:53:03.875383');
INSERT INTO public.person (citizen_id, address, created_at, date_of_birth, email, full_name, nationality, phone, place_of_origin, place_of_residence, sex, updated_at) VALUES ('018380381746', null, '2026-01-01 09:54:07.855512', '1999-08-03', 'cashier02@gmail.com', 'Trần Xuân Hương', 'Việt Nam', '0384947393', null, null, 1, '2026-01-01 09:54:07.855512');
INSERT INTO public.person (citizen_id, address, created_at, date_of_birth, email, full_name, nationality, phone, place_of_origin, place_of_residence, sex, updated_at) VALUES ('083493181331', null, '2026-01-01 09:57:13.121754', '2000-11-03', 'cashier03@gmail.com', 'Nguyễn Minh Tú', 'Việt Nam', '0738391743', null, null, 0, '2026-01-01 09:57:13.121754');

INSERT INTO public.users (citizen_id, created_at, is_active, password_hash, role, updated_at) VALUES ('048474474888', '2026-01-01 02:16:24.864908', true, '$2a$10$E899axhVGlaFW2PQ/N6OMeimIVEYHgLEMr/w/K5RYFJQwdUeVV1Le', 0, '2026-01-01 09:48:51.447635');
INSERT INTO public.users (citizen_id, created_at, is_active, password_hash, role, updated_at) VALUES ('018380381746', '2026-01-01 09:54:07.932431', true, '$2a$10$boe5JNZHfCHR666LQXySKuBlhF3sv.CtsQXlL7a6Z2sHqT5/kYhnm', 0, '2026-01-01 09:56:31.809985');
INSERT INTO public.users (citizen_id, created_at, is_active, password_hash, role, updated_at) VALUES ('083493181331', '2026-01-01 09:57:13.196136', false, '$2a$10$H6mHPpB4QumV8I9p.5FoZuVcYnLdR8p5FfmRi91Er2exWAfmiSule', 0, '2026-01-01 09:57:13.196136');

INSERT INTO public.classes (id, class_name, created_at, updated_at, academic_year_id) VALUES (1, 'Lớp 6', '2026-01-01 09:49:23.035906', '2026-01-01 09:49:23.035906', 1);
INSERT INTO public.classes (id, class_name, created_at, updated_at, academic_year_id) VALUES (2, 'Lớp 6', '2026-01-01 09:49:23.048457', '2026-01-01 09:49:23.048457', 2);
INSERT INTO public.classes (id, class_name, created_at, updated_at, academic_year_id) VALUES (3, 'Lớp 6', '2026-01-01 09:49:23.050624', '2026-01-01 09:49:23.050624', 3);
INSERT INTO public.classes (id, class_name, created_at, updated_at, academic_year_id) VALUES (4, 'Lớp 6', '2026-01-01 09:49:23.051396', '2026-01-01 09:49:23.051396', 4);
INSERT INTO public.classes (id, class_name, created_at, updated_at, academic_year_id) VALUES (5, 'Lớp 6', '2026-01-01 09:49:23.054029', '2026-01-01 09:49:23.054029', 5);
INSERT INTO public.classes (id, class_name, created_at, updated_at, academic_year_id) VALUES (6, 'Lớp 6', '2026-01-01 09:49:23.054615', '2026-01-01 09:49:23.054615', 6);
INSERT INTO public.classes (id, class_name, created_at, updated_at, academic_year_id) VALUES (7, 'Lớp 6', '2026-01-01 09:49:23.055905', '2026-01-01 09:49:23.055905', 7);
INSERT INTO public.classes (id, class_name, created_at, updated_at, academic_year_id) VALUES (8, 'Lớp 6', '2026-01-01 09:49:23.058410', '2026-01-01 09:49:23.058410', 8);
INSERT INTO public.classes (id, class_name, created_at, updated_at, academic_year_id) VALUES (9, 'Lớp 6', '2026-01-01 09:49:23.059290', '2026-01-01 09:49:23.059290', 9);
INSERT INTO public.classes (id, class_name, created_at, updated_at, academic_year_id) VALUES (10, 'Lớp 6', '2026-01-01 09:49:23.061463', '2026-01-01 09:49:23.061463', 10);
INSERT INTO public.classes (id, class_name, created_at, updated_at, academic_year_id) VALUES (11, 'Lớp 7', '2026-01-01 09:49:29.404262', '2026-01-01 09:49:29.404262', 1);
INSERT INTO public.classes (id, class_name, created_at, updated_at, academic_year_id) VALUES (12, 'Lớp 7', '2026-01-01 09:49:29.406690', '2026-01-01 09:49:29.406690', 2);
INSERT INTO public.classes (id, class_name, created_at, updated_at, academic_year_id) VALUES (13, 'Lớp 7', '2026-01-01 09:49:29.408202', '2026-01-01 09:49:29.408202', 3);
INSERT INTO public.classes (id, class_name, created_at, updated_at, academic_year_id) VALUES (14, 'Lớp 7', '2026-01-01 09:49:29.409517', '2026-01-01 09:49:29.409517', 4);
INSERT INTO public.classes (id, class_name, created_at, updated_at, academic_year_id) VALUES (15, 'Lớp 7', '2026-01-01 09:49:29.410607', '2026-01-01 09:49:29.410607', 5);
INSERT INTO public.classes (id, class_name, created_at, updated_at, academic_year_id) VALUES (16, 'Lớp 7', '2026-01-01 09:49:29.411915', '2026-01-01 09:49:29.411915', 6);
INSERT INTO public.classes (id, class_name, created_at, updated_at, academic_year_id) VALUES (17, 'Lớp 7', '2026-01-01 09:49:29.414330', '2026-01-01 09:49:29.414330', 7);
INSERT INTO public.classes (id, class_name, created_at, updated_at, academic_year_id) VALUES (18, 'Lớp 7', '2026-01-01 09:49:29.415665', '2026-01-01 09:49:29.415665', 8);
INSERT INTO public.classes (id, class_name, created_at, updated_at, academic_year_id) VALUES (19, 'Lớp 7', '2026-01-01 09:49:29.416837', '2026-01-01 09:49:29.416837', 9);
INSERT INTO public.classes (id, class_name, created_at, updated_at, academic_year_id) VALUES (20, 'Lớp 7', '2026-01-01 09:49:29.417340', '2026-01-01 09:49:29.417340', 10);

INSERT INTO public.subjects (id, created_at, subject_name, updated_at, class_id) VALUES (1, '2026-01-01 09:49:34.480078', 'Toán', '2026-01-01 09:49:34.480078', 1);
INSERT INTO public.subjects (id, created_at, subject_name, updated_at, class_id) VALUES (2, '2026-01-01 09:49:34.481917', 'Toán', '2026-01-01 09:49:34.481917', 11);
INSERT INTO public.subjects (id, created_at, subject_name, updated_at, class_id) VALUES (3, '2026-01-01 09:49:34.485441', 'Toán', '2026-01-01 09:49:34.485441', 2);
INSERT INTO public.subjects (id, created_at, subject_name, updated_at, class_id) VALUES (4, '2026-01-01 09:49:34.494143', 'Toán', '2026-01-01 09:49:34.494143', 12);
INSERT INTO public.subjects (id, created_at, subject_name, updated_at, class_id) VALUES (5, '2026-01-01 09:49:34.498203', 'Toán', '2026-01-01 09:49:34.498203', 3);
INSERT INTO public.subjects (id, created_at, subject_name, updated_at, class_id) VALUES (6, '2026-01-01 09:49:34.500205', 'Toán', '2026-01-01 09:49:34.500205', 13);
INSERT INTO public.subjects (id, created_at, subject_name, updated_at, class_id) VALUES (7, '2026-01-01 09:49:34.502317', 'Toán', '2026-01-01 09:49:34.502317', 4);
INSERT INTO public.subjects (id, created_at, subject_name, updated_at, class_id) VALUES (8, '2026-01-01 09:49:34.503533', 'Toán', '2026-01-01 09:49:34.503533', 14);
INSERT INTO public.subjects (id, created_at, subject_name, updated_at, class_id) VALUES (9, '2026-01-01 09:49:34.506372', 'Toán', '2026-01-01 09:49:34.506372', 5);
INSERT INTO public.subjects (id, created_at, subject_name, updated_at, class_id) VALUES (10, '2026-01-01 09:49:34.508453', 'Toán', '2026-01-01 09:49:34.508453', 15);
INSERT INTO public.subjects (id, created_at, subject_name, updated_at, class_id) VALUES (11, '2026-01-01 09:49:34.522149', 'Toán', '2026-01-01 09:49:34.522149', 6);
INSERT INTO public.subjects (id, created_at, subject_name, updated_at, class_id) VALUES (12, '2026-01-01 09:49:34.523212', 'Toán', '2026-01-01 09:49:34.523212', 16);
INSERT INTO public.subjects (id, created_at, subject_name, updated_at, class_id) VALUES (13, '2026-01-01 09:49:34.526417', 'Toán', '2026-01-01 09:49:34.526417', 7);
INSERT INTO public.subjects (id, created_at, subject_name, updated_at, class_id) VALUES (14, '2026-01-01 09:49:34.528424', 'Toán', '2026-01-01 09:49:34.528424', 17);
INSERT INTO public.subjects (id, created_at, subject_name, updated_at, class_id) VALUES (15, '2026-01-01 09:49:34.531749', 'Toán', '2026-01-01 09:49:34.531749', 8);
INSERT INTO public.subjects (id, created_at, subject_name, updated_at, class_id) VALUES (16, '2026-01-01 09:49:34.533044', 'Toán', '2026-01-01 09:49:34.533044', 18);
INSERT INTO public.subjects (id, created_at, subject_name, updated_at, class_id) VALUES (17, '2026-01-01 09:49:34.535072', 'Toán', '2026-01-01 09:49:34.535072', 9);
INSERT INTO public.subjects (id, created_at, subject_name, updated_at, class_id) VALUES (18, '2026-01-01 09:49:34.536370', 'Toán', '2026-01-01 09:49:34.536370', 19);
INSERT INTO public.subjects (id, created_at, subject_name, updated_at, class_id) VALUES (19, '2026-01-01 09:49:34.537366', 'Toán', '2026-01-01 09:49:34.537366', 10);
INSERT INTO public.subjects (id, created_at, subject_name, updated_at, class_id) VALUES (20, '2026-01-01 09:49:34.538858', 'Toán', '2026-01-01 09:49:34.538858', 20);
INSERT INTO public.subjects (id, created_at, subject_name, updated_at, class_id) VALUES (21, '2026-01-01 09:49:38.685679', 'Tin', '2026-01-01 09:49:38.685679', 1);
INSERT INTO public.subjects (id, created_at, subject_name, updated_at, class_id) VALUES (22, '2026-01-01 09:49:38.685679', 'Tin', '2026-01-01 09:49:38.685679', 11);
INSERT INTO public.subjects (id, created_at, subject_name, updated_at, class_id) VALUES (23, '2026-01-01 09:49:38.687611', 'Tin', '2026-01-01 09:49:38.688611', 2);
INSERT INTO public.subjects (id, created_at, subject_name, updated_at, class_id) VALUES (24, '2026-01-01 09:49:38.688611', 'Tin', '2026-01-01 09:49:38.688611', 12);
INSERT INTO public.subjects (id, created_at, subject_name, updated_at, class_id) VALUES (25, '2026-01-01 09:49:38.690889', 'Tin', '2026-01-01 09:49:38.690889', 3);
INSERT INTO public.subjects (id, created_at, subject_name, updated_at, class_id) VALUES (26, '2026-01-01 09:49:38.692176', 'Tin', '2026-01-01 09:49:38.692176', 13);
INSERT INTO public.subjects (id, created_at, subject_name, updated_at, class_id) VALUES (27, '2026-01-01 09:49:38.693389', 'Tin', '2026-01-01 09:49:38.693389', 4);
INSERT INTO public.subjects (id, created_at, subject_name, updated_at, class_id) VALUES (28, '2026-01-01 09:49:38.694515', 'Tin', '2026-01-01 09:49:38.694515', 14);
INSERT INTO public.subjects (id, created_at, subject_name, updated_at, class_id) VALUES (29, '2026-01-01 09:49:38.695983', 'Tin', '2026-01-01 09:49:38.695983', 5);
INSERT INTO public.subjects (id, created_at, subject_name, updated_at, class_id) VALUES (30, '2026-01-01 09:49:38.697600', 'Tin', '2026-01-01 09:49:38.697600', 15);
INSERT INTO public.subjects (id, created_at, subject_name, updated_at, class_id) VALUES (31, '2026-01-01 09:49:38.699897', 'Tin', '2026-01-01 09:49:38.699897', 6);
INSERT INTO public.subjects (id, created_at, subject_name, updated_at, class_id) VALUES (32, '2026-01-01 09:49:38.701182', 'Tin', '2026-01-01 09:49:38.701182', 16);
INSERT INTO public.subjects (id, created_at, subject_name, updated_at, class_id) VALUES (33, '2026-01-01 09:49:38.702227', 'Tin', '2026-01-01 09:49:38.702227', 7);
INSERT INTO public.subjects (id, created_at, subject_name, updated_at, class_id) VALUES (34, '2026-01-01 09:49:38.703290', 'Tin', '2026-01-01 09:49:38.703290', 17);
INSERT INTO public.subjects (id, created_at, subject_name, updated_at, class_id) VALUES (35, '2026-01-01 09:49:38.704295', 'Tin', '2026-01-01 09:49:38.704295', 8);
INSERT INTO public.subjects (id, created_at, subject_name, updated_at, class_id) VALUES (36, '2026-01-01 09:49:38.705727', 'Tin', '2026-01-01 09:49:38.705727', 18);
INSERT INTO public.subjects (id, created_at, subject_name, updated_at, class_id) VALUES (37, '2026-01-01 09:49:38.708331', 'Tin', '2026-01-01 09:49:38.708331', 9);
INSERT INTO public.subjects (id, created_at, subject_name, updated_at, class_id) VALUES (38, '2026-01-01 09:49:38.708331', 'Tin', '2026-01-01 09:49:38.708331', 19);
INSERT INTO public.subjects (id, created_at, subject_name, updated_at, class_id) VALUES (39, '2026-01-01 09:49:38.710724', 'Tin', '2026-01-01 09:49:38.710724', 10);
INSERT INTO public.subjects (id, created_at, subject_name, updated_at, class_id) VALUES (40, '2026-01-01 09:49:38.712051', 'Tin', '2026-01-01 09:49:38.712051', 20);

INSERT INTO public.students (citizen_id, created_at, end_date, start_date, status, updated_at) VALUES ('051202011129-01', '2026-01-01 09:50:25.936157', null, '2026-01-01', 1, '2026-01-01 09:50:25.936157');
INSERT INTO public.students (citizen_id, created_at, end_date, start_date, status, updated_at) VALUES ('051202011129-02', '2026-01-01 09:50:25.942168', null, '2026-01-01', 1, '2026-01-01 09:50:25.942168');
INSERT INTO public.students (citizen_id, created_at, end_date, start_date, status, updated_at) VALUES ('051202028383', '2026-01-01 09:50:25.947397', null, '2026-01-01', 1, '2026-01-01 09:50:25.947397');
INSERT INTO public.students (citizen_id, created_at, end_date, start_date, status, updated_at) VALUES ('051202011127-01', '2026-01-01 09:50:25.951046', null, '2026-01-01', 1, '2026-01-01 09:50:25.951046');
INSERT INTO public.students (citizen_id, created_at, end_date, start_date, status, updated_at) VALUES ('048483891934-02', '2026-01-01 09:50:25.954515', null, '2026-01-01', 1, '2026-01-01 09:50:25.954515');
INSERT INTO public.students (citizen_id, created_at, end_date, start_date, status, updated_at) VALUES ('051202011122', '2026-01-01 09:50:25.957646', null, '2026-01-01', 1, '2026-01-01 09:50:25.957646');
INSERT INTO public.students (citizen_id, created_at, end_date, start_date, status, updated_at) VALUES ('051203456701-01', '2026-01-01 09:50:25.963055', null, '2026-01-01', 1, '2026-01-01 09:50:25.963055');
INSERT INTO public.students (citizen_id, created_at, end_date, start_date, status, updated_at) VALUES ('051203456702-01', '2026-01-01 09:50:25.966764', null, '2026-01-01', 1, '2026-01-01 09:50:25.966764');
INSERT INTO public.students (citizen_id, created_at, end_date, start_date, status, updated_at) VALUES ('051203456702-02', '2026-01-01 09:50:25.970364', null, '2026-01-01', 1, '2026-01-01 09:50:25.970364');
INSERT INTO public.students (citizen_id, created_at, end_date, start_date, status, updated_at) VALUES ('051203456703-01', '2026-01-01 09:50:25.974536', null, '2026-01-01', 1, '2026-01-01 09:50:25.974536');
INSERT INTO public.students (citizen_id, created_at, end_date, start_date, status, updated_at) VALUES ('051203456703-02', '2026-01-01 09:50:25.978344', null, '2026-01-01', 1, '2026-01-01 09:50:25.978344');
INSERT INTO public.students (citizen_id, created_at, end_date, start_date, status, updated_at) VALUES ('051203456704-01', '2026-01-01 09:50:25.982230', null, '2026-01-01', 1, '2026-01-01 09:50:25.982230');
INSERT INTO public.students (citizen_id, created_at, end_date, start_date, status, updated_at) VALUES ('051203456704-02', '2026-01-01 09:50:25.985684', null, '2026-01-01', 1, '2026-01-01 09:50:25.985684');
INSERT INTO public.students (citizen_id, created_at, end_date, start_date, status, updated_at) VALUES ('051203456705-01', '2026-01-01 09:50:25.988981', null, '2026-01-01', 1, '2026-01-01 09:50:25.988981');
INSERT INTO public.students (citizen_id, created_at, end_date, start_date, status, updated_at) VALUES ('051203456705-02', '2026-01-01 09:50:25.992113', null, '2026-01-01', 1, '2026-01-01 09:50:25.992113');
INSERT INTO public.students (citizen_id, created_at, end_date, start_date, status, updated_at) VALUES ('058384918399', '2026-01-01 09:53:03.876434', null, '2026-01-01', 1, '2026-01-01 09:53:03.876434');

INSERT INTO public.student_subjects (id, created_at, student_id, subject_id) VALUES (1, '2026-01-01 09:50:42.309448', '051202011129-01', 1);
INSERT INTO public.student_subjects (id, created_at, student_id, subject_id) VALUES (2, '2026-01-01 09:50:42.312458', '051202011122', 1);
INSERT INTO public.student_subjects (id, created_at, student_id, subject_id) VALUES (3, '2026-01-01 09:50:42.314501', '051202011129-02', 1);
INSERT INTO public.student_subjects (id, created_at, student_id, subject_id) VALUES (4, '2026-01-01 09:50:42.317509', '051202028383', 1);
INSERT INTO public.student_subjects (id, created_at, student_id, subject_id) VALUES (5, '2026-01-01 09:50:42.319541', '051203456702-01', 1);
INSERT INTO public.student_subjects (id, created_at, student_id, subject_id) VALUES (6, '2026-01-01 09:50:42.320986', '051202011127-01', 1);
INSERT INTO public.student_subjects (id, created_at, student_id, subject_id) VALUES (7, '2026-01-01 09:50:42.323296', '048483891934-02', 1);
INSERT INTO public.student_subjects (id, created_at, student_id, subject_id) VALUES (8, '2026-01-01 09:50:42.324646', '051203456701-01', 1);
INSERT INTO public.student_subjects (id, created_at, student_id, subject_id) VALUES (9, '2026-01-01 09:50:48.669529', '051202011129-01', 21);
INSERT INTO public.student_subjects (id, created_at, student_id, subject_id) VALUES (10, '2026-01-01 09:50:48.671902', '051202011122', 21);
INSERT INTO public.student_subjects (id, created_at, student_id, subject_id) VALUES (11, '2026-01-01 09:50:48.672563', '051202011129-02', 21);
INSERT INTO public.student_subjects (id, created_at, student_id, subject_id) VALUES (12, '2026-01-01 09:50:56.314151', '051203456702-02', 2);
INSERT INTO public.student_subjects (id, created_at, student_id, subject_id) VALUES (13, '2026-01-01 09:50:56.316463', '051203456703-01', 2);
INSERT INTO public.student_subjects (id, created_at, student_id, subject_id) VALUES (14, '2026-01-01 09:50:56.317654', '051203456703-02', 2);
INSERT INTO public.student_subjects (id, created_at, student_id, subject_id) VALUES (15, '2026-01-01 09:50:56.318661', '051203456704-01', 2);
INSERT INTO public.student_subjects (id, created_at, student_id, subject_id) VALUES (16, '2026-01-01 09:51:07.517400', '051203456705-02', 22);
INSERT INTO public.student_subjects (id, created_at, student_id, subject_id) VALUES (17, '2026-01-01 09:51:07.518404', '051203456705-01', 22);
INSERT INTO public.student_subjects (id, created_at, student_id, subject_id) VALUES (18, '2026-01-01 09:51:07.520134', '051203456704-02', 22);
INSERT INTO public.student_subjects (id, created_at, student_id, subject_id) VALUES (19, '2026-01-01 09:51:07.521263', '051203456704-01', 22);
INSERT INTO public.student_subjects (id, created_at, student_id, subject_id) VALUES (20, '2026-01-01 09:51:07.522377', '051203456703-02', 22);

INSERT INTO public.transactions (transaction_number, amount, attachments, created_at, date_of_document, date_of_recorded, note, reason, receiver_name, source_documents, type, updated_at, academic_year_id, cashier_id, class_id, student_id, subject_id) VALUES ('PT000001', 1500000.00, null, '2026-01-01 09:54:55.209046', '2026-01-01', '2026-01-01', null, 'Học phi tháng 1/2026', null, null, 'PT', '2026-01-01 09:54:55.209046', 1, '048474474888', 1, '051203456702-01', 1);
INSERT INTO public.transactions (transaction_number, amount, attachments, created_at, date_of_document, date_of_recorded, note, reason, receiver_name, source_documents, type, updated_at, academic_year_id, cashier_id, class_id, student_id, subject_id) VALUES ('PT000002', 1500000.00, null, '2026-01-01 09:55:11.420863', '2026-01-01', '2026-01-01', null, 'Học phi tháng 1/2026', null, null, 'PT', '2026-01-01 09:55:11.420863', 1, '048474474888', 1, '051203456701-01', 1);
INSERT INTO public.transactions (transaction_number, amount, attachments, created_at, date_of_document, date_of_recorded, note, reason, receiver_name, source_documents, type, updated_at, academic_year_id, cashier_id, class_id, student_id, subject_id) VALUES ('PT000003', 2000000.00, null, '2026-01-01 09:55:25.488800', '2026-01-01', '2026-01-01', null, 'Học phi tháng 1/2026', null, null, 'PT', '2026-01-01 09:55:25.488800', 1, '048474474888', 1, '051202011122', 21);
INSERT INTO public.transactions (transaction_number, amount, attachments, created_at, date_of_document, date_of_recorded, note, reason, receiver_name, source_documents, type, updated_at, academic_year_id, cashier_id, class_id, student_id, subject_id) VALUES ('PT000004', 2000000.00, null, '2026-01-01 09:55:35.820546', '2026-01-01', '2026-01-01', null, 'Học phi tháng 1/2026', null, null, 'PT', '2026-01-01 09:55:35.820546', 1, '048474474888', 1, '051202011129-02', 21);
INSERT INTO public.transactions (transaction_number, amount, attachments, created_at, date_of_document, date_of_recorded, note, reason, receiver_name, source_documents, type, updated_at, academic_year_id, cashier_id, class_id, student_id, subject_id) VALUES ('PT000005', 2000000.00, null, '2026-01-01 09:56:01.503477', '2026-01-01', '2026-01-01', null, 'Học phi tháng 1/2026', null, null, 'PT', '2026-01-01 09:56:01.503477', 1, '048474474888', 1, '051202011129-01', 21);
INSERT INTO public.transactions (transaction_number, amount, attachments, created_at, date_of_document, date_of_recorded, note, reason, receiver_name, source_documents, type, updated_at, academic_year_id, cashier_id, class_id, student_id, subject_id) VALUES ('PT000006', 2000000.00, null, '2026-01-01 09:57:57.407138', '2026-01-01', '2026-01-01', null, 'Học phí tháng 1/2026', null, null, 'PT', '2026-01-01 09:57:57.407138', 1, '018380381746', 11, '051203456702-02', 2);
INSERT INTO public.transactions (transaction_number, amount, attachments, created_at, date_of_document, date_of_recorded, note, reason, receiver_name, source_documents, type, updated_at, academic_year_id, cashier_id, class_id, student_id, subject_id) VALUES ('PT000007', 2000000.00, null, '2026-01-01 09:58:21.489857', '2026-01-01', '2026-01-01', null, 'Học phí tháng 1/2026', null, null, 'PT', '2026-01-01 09:58:21.489857', 1, '018380381746', 11, '051203456703-01', 2);
INSERT INTO public.transactions (transaction_number, amount, attachments, created_at, date_of_document, date_of_recorded, note, reason, receiver_name, source_documents, type, updated_at, academic_year_id, cashier_id, class_id, student_id, subject_id) VALUES ('PT000008', 2000000.00, null, '2026-01-01 09:58:37.555634', '2026-01-01', '2026-01-01', null, 'Học phí tháng 1/2026', null, null, 'PT', '2026-01-01 09:58:37.555634', 1, '018380381746', 11, '051203456705-02', 22);
INSERT INTO public.transactions (transaction_number, amount, attachments, created_at, date_of_document, date_of_recorded, note, reason, receiver_name, source_documents, type, updated_at, academic_year_id, cashier_id, class_id, student_id, subject_id) VALUES ('PC000001', 5000000.00, null, '2026-01-01 10:04:50.000000', '2026-01-01', '2026-01-01', null, 'Trả lương tháng 1/2026 cho Linh', 'Nguyễn Thị Linh', null, 'PC', '2026-01-01 10:05:30.000000', null, '018380381746', null, null, null);
INSERT INTO public.transactions (transaction_number, amount, attachments, created_at, date_of_document, date_of_recorded, note, reason, receiver_name, source_documents, type, updated_at, academic_year_id, cashier_id, class_id, student_id, subject_id) VALUES ('PC000002', 5000000.00, null, '2026-01-01 10:04:50.000000', '2026-01-01', '2026-01-01', null, 'Trả lương tháng 1/2026 cho Hương', 'Trần Xuân Hương', null, 'PC', '2026-01-01 10:05:30.000000', null, '048474474888', null, null, null);
INSERT INTO public.transactions (transaction_number, amount, attachments, created_at, date_of_document, date_of_recorded, note, reason, receiver_name, source_documents, type, updated_at, academic_year_id, cashier_id, class_id, student_id, subject_id) VALUES ('PC000003', 10000000.00, null, '2026-01-01 10:04:50.000000', '2026-01-01', '2026-01-01', null, 'Trả tiền thuê mặt bằng tháng 1/2026', 'Nguyễn Văn Chiến', null, 'PC', '2026-01-01 10:05:30.000000', null, '048474474888', null, null, null);
